{
  "project_info": {
    "project_number": "781622820722",
    "firebase_url": "https://kisii-dsc.firebaseio.com",
    "project_id": "kisii-dsc",
    "storage_bucket": "kisii-dsc.appspot.com"
  },
  "client": [
    {
      "client_info": {
        "mobilesdk_app_id": "1:781622820722:android:82db83e455ea5153",
        "android_client_info": {
          "package_name": "com.example.kisiidsc"
        }
      },
      "oauth_client": [
        {
          "client_id": "781622820722-v16ob4v87qr8uttl47pb93j264rjm46c.apps.googleusercontent.com",
          "client_type": 1,
          "android_info": {
            "package_name": "com.example.kisiidsc",
            "certificate_hash": "9029db8545d092988022658f73d951c820419d0a"
          }
        },
        {
          "client_id": "781622820722-a1dpbk4mrcb0atnm98hvuog0855j3u4a.apps.googleusercontent.com",
          "client_type": 3
        }
      ],
      "api_key": [
        {
          "current_key": "AIzaSyC67UusoRsl_o9oxXUgrCGBlJN0HhfMVG0"
        }
      ],
      "services": {
        "analytics_service": {
          "status": 1
        },
        "appinvite_service": {
          "status": 2,
          "other_platform_oauth_client": [
            {
              "client_id": "781622820722-a1dpbk4mrcb0atnm98hvuog0855j3u4a.apps.googleusercontent.com",
              "client_type": 3
            }
          ]
        },
        "ads_service": {
          "status": 2
        }
      }
    }
  ],
  "configuration_version": "1"
}